<?xml version="1.0" encoding="UTF-8"?>
<!-- IMPORTANT: This is an internal file that has been generated
     by the Xilinx ISE software.  Any direct editing or
     changes made to this file may result in unpredictable
     behavior or data corruption.  It is strongly advised that
     users do not edit the contents of this file. -->
<DeviceUsageSummary rev="34">
<DesignStatistics TimeStamp="Fri Dec 24 14:35:42 2010"><group name="NetStatistics">
<item name="NumNets_Active" rev="34">
<attrib name="value" value="3448"/></item>
<item name="NumNets_Gnd" rev="34">
<attrib name="value" value="1"/></item>
<item name="NumNets_Vcc" rev="34">
<attrib name="value" value="1"/></item>
<item name="NumNodesOfType_Active_BRAMADDR" rev="34">
<attrib name="value" value="332"/></item>
<item name="NumNodesOfType_Active_BRAMDUMMY" rev="34">
<attrib name="value" value="249"/></item>
<item name="NumNodesOfType_Active_CLKPIN" rev="34">
<attrib name="value" value="1502"/></item>
<item name="NumNodesOfType_Active_CNTRLPIN" rev="34">
<attrib name="value" value="1226"/></item>
<item name="NumNodesOfType_Active_DOUBLE" rev="34">
<attrib name="value" value="7504"/></item>
<item name="NumNodesOfType_Active_DUMMY" rev="34">
<attrib name="value" value="7674"/></item>
<item name="NumNodesOfType_Active_DUMMYBANK" rev="34">
<attrib name="value" value="270"/></item>
<item name="NumNodesOfType_Active_DUMMYESC" rev="34">
<attrib name="value" value="20"/></item>
<item name="NumNodesOfType_Active_GLOBAL" rev="34">
<attrib name="value" value="297"/></item>
<item name="NumNodesOfType_Active_HFULLHEX" rev="34">
<attrib name="value" value="108"/></item>
<item name="NumNodesOfType_Active_HLONG" rev="34">
<attrib name="value" value="42"/></item>
<item name="NumNodesOfType_Active_HUNIHEX" rev="34">
<attrib name="value" value="654"/></item>
<item name="NumNodesOfType_Active_INPUT" rev="34">
<attrib name="value" value="9146"/></item>
<item name="NumNodesOfType_Active_IOBOUTPUT" rev="34">
<attrib name="value" value="20"/></item>
<item name="NumNodesOfType_Active_OMUX" rev="34">
<attrib name="value" value="3937"/></item>
<item name="NumNodesOfType_Active_OUTPUT" rev="34">
<attrib name="value" value="3348"/></item>
<item name="NumNodesOfType_Active_PREBXBY" rev="34">
<attrib name="value" value="2567"/></item>
<item name="NumNodesOfType_Active_VFULLHEX" rev="34">
<attrib name="value" value="283"/></item>
<item name="NumNodesOfType_Active_VLONG" rev="34">
<attrib name="value" value="55"/></item>
<item name="NumNodesOfType_Active_VUNIHEX" rev="34">
<attrib name="value" value="484"/></item>
<item name="NumNodesOfType_Gnd_BRAMADDR" rev="34">
<attrib name="value" value="12"/></item>
<item name="NumNodesOfType_Gnd_BRAMDUMMY" rev="34">
<attrib name="value" value="141"/></item>
<item name="NumNodesOfType_Gnd_CLKPIN" rev="34">
<attrib name="value" value="2"/></item>
<item name="NumNodesOfType_Gnd_CNTRLPIN" rev="34">
<attrib name="value" value="4"/></item>
<item name="NumNodesOfType_Gnd_DOUBLE" rev="34">
<attrib name="value" value="84"/></item>
<item name="NumNodesOfType_Gnd_DUMMY" rev="34">
<attrib name="value" value="56"/></item>
<item name="NumNodesOfType_Gnd_DUMMYBANK" rev="34">
<attrib name="value" value="18"/></item>
<item name="NumNodesOfType_Gnd_INPUT" rev="34">
<attrib name="value" value="302"/></item>
<item name="NumNodesOfType_Gnd_OMUX" rev="34">
<attrib name="value" value="131"/></item>
<item name="NumNodesOfType_Gnd_OUTPUT" rev="34">
<attrib name="value" value="75"/></item>
<item name="NumNodesOfType_Gnd_PREBXBY" rev="34">
<attrib name="value" value="53"/></item>
<item name="NumNodesOfType_Gnd_VFULLHEX" rev="34">
<attrib name="value" value="12"/></item>
<item name="NumNodesOfType_Vcc_BRAMDUMMY" rev="34">
<attrib name="value" value="2"/></item>
<item name="NumNodesOfType_Vcc_CNTRLPIN" rev="34">
<attrib name="value" value="104"/></item>
<item name="NumNodesOfType_Vcc_DUMMY" rev="34">
<attrib name="value" value="20"/></item>
<item name="NumNodesOfType_Vcc_INPUT" rev="34">
<attrib name="value" value="139"/></item>
<item name="NumNodesOfType_Vcc_PREBXBY" rev="34">
<attrib name="value" value="105"/></item>
<item name="NumNodesOfType_Vcc_VCCOUT" rev="34">
<attrib name="value" value="118"/></item>
</group>
<group name="MiscellaneousStatistics">
<item name="AGG_BONDED_IO" rev="33">
<attrib name="value" value="90"/></item>
<item name="AGG_IO" rev="33">
<attrib name="value" value="90"/></item>
<item name="AGG_SLICE" rev="33">
<attrib name="value" value="1915"/></item>
<item name="NUM_4_INPUT_LUT" rev="33">
<attrib name="value" value="2486"/></item>
<item name="NUM_BONDED_IBUF" rev="33">
<attrib name="value" value="9"/></item>
<item name="NUM_BONDED_IOB" rev="33">
<attrib name="value" value="61"/></item>
<item name="NUM_BONDED_IOBLR" rev="33">
<attrib name="value" value="20"/></item>
<item name="NUM_BUFGMUX" rev="33">
<attrib name="value" value="3"/></item>
<item name="NUM_CYMUX" rev="33">
<attrib name="value" value="532"/></item>
<item name="NUM_DCM" rev="33">
<attrib name="value" value="2"/></item>
<item name="NUM_LUT_RT" rev="33">
<attrib name="value" value="283"/></item>
<item name="NUM_ODDR2_NONE" rev="33">
<attrib name="value" value="81"/></item>
<item name="NUM_RAMB16BWE" rev="33">
<attrib name="value" value="15"/></item>
<item name="NUM_SHIFT" rev="33">
<attrib name="value" value="19"/></item>
<item name="NUM_SLICEL" rev="33">
<attrib name="value" value="1900"/></item>
<item name="NUM_SLICEM" rev="33">
<attrib name="value" value="15"/></item>
<item name="NUM_SLICE_FF" rev="33">
<attrib name="value" value="1764"/></item>
<item name="NUM_XOR" rev="33">
<attrib name="value" value="406"/></item>
<item name="Xilinx Core fifo_generator_v5_1, Xilinx CORE Generator 11.5" rev="33">
<attrib name="value" value="2"/></item>
<item name="Xilinx Core fifo_generator_v5_3, Xilinx CORE Generator 11.5" rev="33">
<attrib name="value" value="4"/></item>
</group>
<group name="SiteStatistics">
<item name="IBUF-DIFFMI_NDT" rev="34">
<attrib name="value" value="1"/></item>
<item name="IBUF-DIFFMTB" rev="34">
<attrib name="value" value="2"/></item>
<item name="IBUF-DIFFSI_NDT" rev="34">
<attrib name="value" value="2"/></item>
<item name="IBUF-DIFFSTB" rev="34">
<attrib name="value" value="1"/></item>
<item name="IOB-DIFFMLR" rev="34">
<attrib name="value" value="11"/></item>
<item name="IOB-DIFFMTB" rev="34">
<attrib name="value" value="18"/></item>
<item name="IOB-DIFFSLR" rev="34">
<attrib name="value" value="12"/></item>
<item name="IOB-DIFFSTB" rev="34">
<attrib name="value" value="20"/></item>
<item name="IOBLR-DIFFMLR" rev="34">
<attrib name="value" value="11"/></item>
<item name="IOBLR-DIFFSLR" rev="34">
<attrib name="value" value="9"/></item>
<item name="SLICEL-SLICEM" rev="34">
<attrib name="value" value="871"/></item>
</group>
</DesignStatistics>
<DeviceUsage TimeStamp="Fri Dec 24 14:35:42 2010"><group name="SiteSummary">
<item name="BUFGMUX" rev="34">
<attrib name="total" value="1000000"/><attrib name="used" value="3"/></item>
<item name="BUFGMUX_GCLKMUX" rev="34">
<attrib name="total" value="1000000"/><attrib name="used" value="3"/></item>
<item name="BUFGMUX_GCLK_BUFFER" rev="34">
<attrib name="total" value="1000000"/><attrib name="used" value="3"/></item>
<item name="DCM" rev="34">
<attrib name="total" value="1000000"/><attrib name="used" value="2"/></item>
<item name="DCM_DCM" rev="34">
<attrib name="total" value="1000000"/><attrib name="used" value="2"/></item>
<item name="IBUF" rev="34">
<attrib name="total" value="1000000"/><attrib name="used" value="9"/></item>
<item name="IBUF_DELAY_ADJ_BBOX" rev="34">
<attrib name="total" value="1000000"/><attrib name="used" value="9"/></item>
<item name="IBUF_INBUF" rev="34">
<attrib name="total" value="1000000"/><attrib name="used" value="9"/></item>
<item name="IBUF_PAD" rev="34">
<attrib name="total" value="1000000"/><attrib name="used" value="9"/></item>
<item name="IOB" rev="34">
<attrib name="total" value="1000000"/><attrib name="used" value="61"/></item>
<item name="IOBLR" rev="34">
<attrib name="total" value="1000000"/><attrib name="used" value="20"/></item>
<item name="IOBLR_OFF1" rev="34">
<attrib name="total" value="1000000"/><attrib name="used" value="20"/></item>
<item name="IOBLR_OFF2" rev="34">
<attrib name="total" value="1000000"/><attrib name="used" value="20"/></item>
<item name="IOBLR_OFFDDRBLACKBOX" rev="34">
<attrib name="total" value="1000000"/><attrib name="used" value="20"/></item>
<item name="IOBLR_OUTBUF" rev="34">
<attrib name="total" value="1000000"/><attrib name="used" value="20"/></item>
<item name="IOBLR_PAD" rev="34">
<attrib name="total" value="1000000"/><attrib name="used" value="20"/></item>
<item name="IOBLR_TFF1" rev="34">
<attrib name="total" value="1000000"/><attrib name="used" value="18"/></item>
<item name="IOBLR_TFF2" rev="34">
<attrib name="total" value="1000000"/><attrib name="used" value="18"/></item>
<item name="IOBLR_TFFDDRBLACKBOX" rev="34">
<attrib name="total" value="1000000"/><attrib name="used" value="18"/></item>
<item name="IOB_DELAY_ADJ_BBOX" rev="34">
<attrib name="total" value="1000000"/><attrib name="used" value="17"/></item>
<item name="IOB_INBUF" rev="34">
<attrib name="total" value="1000000"/><attrib name="used" value="17"/></item>
<item name="IOB_OFF1" rev="34">
<attrib name="total" value="1000000"/><attrib name="used" value="27"/></item>
<item name="IOB_OFF2" rev="34">
<attrib name="total" value="1000000"/><attrib name="used" value="27"/></item>
<item name="IOB_OFFDDRBLACKBOX" rev="34">
<attrib name="total" value="1000000"/><attrib name="used" value="27"/></item>
<item name="IOB_OUTBUF" rev="34">
<attrib name="total" value="1000000"/><attrib name="used" value="61"/></item>
<item name="IOB_PAD" rev="34">
<attrib name="total" value="1000000"/><attrib name="used" value="61"/></item>
<item name="IOB_TFF1" rev="34">
<attrib name="total" value="1000000"/><attrib name="used" value="16"/></item>
<item name="IOB_TFF2" rev="34">
<attrib name="total" value="1000000"/><attrib name="used" value="16"/></item>
<item name="IOB_TFFDDRBLACKBOX" rev="34">
<attrib name="total" value="1000000"/><attrib name="used" value="16"/></item>
<item name="RAMB16BWE" rev="34">
<attrib name="total" value="1000000"/><attrib name="used" value="15"/></item>
<item name="RAMB16BWE_RAMB16BWE" rev="34">
<attrib name="total" value="1000000"/><attrib name="used" value="15"/></item>
<item name="SLICEL" rev="34">
<attrib name="total" value="1000000"/><attrib name="used" value="1900"/></item>
<item name="SLICEL_C1VDD" rev="34">
<attrib name="total" value="1000000"/><attrib name="used" value="30"/></item>
<item name="SLICEL_C2VDD" rev="34">
<attrib name="total" value="1000000"/><attrib name="used" value="19"/></item>
<item name="SLICEL_CYMUXF" rev="34">
<attrib name="total" value="1000000"/><attrib name="used" value="281"/></item>
<item name="SLICEL_CYMUXG" rev="34">
<attrib name="total" value="1000000"/><attrib name="used" value="251"/></item>
<item name="SLICEL_F" rev="34">
<attrib name="total" value="1000000"/><attrib name="used" value="1161"/></item>
<item name="SLICEL_F5MUX" rev="34">
<attrib name="total" value="1000000"/><attrib name="used" value="84"/></item>
<item name="SLICEL_FFX" rev="34">
<attrib name="total" value="1000000"/><attrib name="used" value="688"/></item>
<item name="SLICEL_FFY" rev="34">
<attrib name="total" value="1000000"/><attrib name="used" value="1057"/></item>
<item name="SLICEL_G" rev="34">
<attrib name="total" value="1000000"/><attrib name="used" value="1304"/></item>
<item name="SLICEL_GNDF" rev="34">
<attrib name="total" value="1000000"/><attrib name="used" value="222"/></item>
<item name="SLICEL_GNDG" rev="34">
<attrib name="total" value="1000000"/><attrib name="used" value="209"/></item>
<item name="SLICEL_XORF" rev="34">
<attrib name="total" value="1000000"/><attrib name="used" value="206"/></item>
<item name="SLICEL_XORG" rev="34">
<attrib name="total" value="1000000"/><attrib name="used" value="200"/></item>
<item name="SLICEM" rev="34">
<attrib name="total" value="1000000"/><attrib name="used" value="15"/></item>
<item name="SLICEM_F" rev="34">
<attrib name="total" value="1000000"/><attrib name="used" value="6"/></item>
<item name="SLICEM_FFX" rev="34">
<attrib name="total" value="1000000"/><attrib name="used" value="4"/></item>
<item name="SLICEM_FFY" rev="34">
<attrib name="total" value="1000000"/><attrib name="used" value="15"/></item>
<item name="SLICEM_G" rev="34">
<attrib name="total" value="1000000"/><attrib name="used" value="15"/></item>
<item name="SLICEM_WSGEN" rev="34">
<attrib name="total" value="1000000"/><attrib name="used" value="15"/></item>
</group>
</DeviceUsage>
<ReportConfigData TimeStamp="Fri Dec 24 14:35:42 2010"><group name="IBUF_PAD">
<item name="IOATTRBOX" rev="34">
<attrib name="LVCMOS25" value="9"/></item>
</group>
<group name="SLICEM_F">
<item name="DI" rev="34">
<attrib name="DI" value="4"/><attrib name="DI_INV" value="0"/></item>
<item name="F_ATTR" rev="34">
<attrib name="SHIFT_REG" value="4"/></item>
<item name="LUT_OR_MEM" rev="34">
<attrib name="LUT" value="2"/><attrib name="RAM" value="4"/></item>
</group>
<group name="RAMB16BWE_RAMB16BWE">
<item name="CLKA" rev="34">
<attrib name="CLKA_INV" value="0"/><attrib name="CLKA" value="15"/></item>
<item name="CLKB" rev="34">
<attrib name="CLKB_INV" value="0"/><attrib name="CLKB" value="15"/></item>
<item name="DATA_WIDTH_A" rev="34">
<attrib name="4" value="12"/><attrib name="18" value="1"/><attrib name="36" value="2"/></item>
<item name="DATA_WIDTH_B" rev="34">
<attrib name="4" value="12"/><attrib name="18" value="1"/><attrib name="36" value="2"/></item>
<item name="ENA" rev="34">
<attrib name="ENA_INV" value="0"/><attrib name="ENA" value="15"/></item>
<item name="ENB" rev="34">
<attrib name="ENB_INV" value="0"/><attrib name="ENB" value="15"/></item>
<item name="SSRA" rev="34">
<attrib name="SSRA_INV" value="0"/><attrib name="SSRA" value="15"/></item>
<item name="SSRB" rev="34">
<attrib name="SSRB_INV" value="0"/><attrib name="SSRB" value="15"/></item>
<item name="WEA0" rev="34">
<attrib name="WEA0" value="15"/><attrib name="WEA0_INV" value="0"/></item>
<item name="WEA1" rev="34">
<attrib name="WEA1" value="15"/><attrib name="WEA1_INV" value="0"/></item>
<item name="WEA2" rev="34">
<attrib name="WEA2" value="15"/><attrib name="WEA2_INV" value="0"/></item>
<item name="WEA3" rev="34">
<attrib name="WEA3_INV" value="0"/><attrib name="WEA3" value="15"/></item>
<item name="WEB0" rev="34">
<attrib name="WEB0" value="15"/><attrib name="WEB0_INV" value="0"/></item>
<item name="WEB1" rev="34">
<attrib name="WEB1" value="15"/><attrib name="WEB1_INV" value="0"/></item>
<item name="WEB2" rev="34">
<attrib name="WEB2_INV" value="0"/><attrib name="WEB2" value="15"/></item>
<item name="WEB3" rev="34">
<attrib name="WEB3" value="15"/><attrib name="WEB3_INV" value="0"/></item>
<item name="WRITE_MODE_A" rev="34">
<attrib name="WRITE_FIRST" value="2"/><attrib name="READ_FIRST" value="13"/></item>
<item name="WRITE_MODE_B" rev="34">
<attrib name="WRITE_FIRST" value="2"/><attrib name="READ_FIRST" value="13"/></item>
</group>
<group name="SLICEM_G">
<item name="DI" rev="34">
<attrib name="DI" value="15"/><attrib name="DI_INV" value="0"/></item>
<item name="G_ATTR" rev="34">
<attrib name="SHIFT_REG" value="15"/></item>
<item name="LUT_OR_MEM" rev="34">
<attrib name="RAM" value="15"/></item>
</group>
<group name="IOBLR_OUTBUF">
<item name="IN" rev="34">
<attrib name="IN_INV" value="0"/><attrib name="IN" value="20"/></item>
<item name="SUSPEND" rev="34">
<attrib name="3STATE" value="20"/></item>
<item name="TRI" rev="34">
<attrib name="TRI_INV" value="0"/><attrib name="TRI" value="18"/></item>
</group>
<group name="SLICEL">
<item name="BX" rev="34">
<attrib name="BX_INV" value="1"/><attrib name="BX" value="289"/></item>
<item name="BY" rev="34">
<attrib name="BY" value="548"/><attrib name="BY_INV" value="13"/></item>
<item name="CE" rev="34">
<attrib name="CE" value="423"/><attrib name="CE_INV" value="125"/></item>
<item name="CIN" rev="34">
<attrib name="CIN_INV" value="0"/><attrib name="CIN" value="235"/></item>
<item name="CLK" rev="34">
<attrib name="CLK" value="1331"/><attrib name="CLK_INV" value="28"/></item>
<item name="SR" rev="34">
<attrib name="SR" value="611"/><attrib name="SR_INV" value="1"/></item>
</group>
<group name="SLICEM_WSGEN">
<item name="CK" rev="34">
<attrib name="CK" value="15"/><attrib name="CK_INV" value="0"/></item>
<item name="SYNC_ATTR" rev="34">
<attrib name="ASYNC" value="15"/></item>
<item name="WE" rev="34">
<attrib name="WE_INV" value="0"/><attrib name="WE" value="15"/></item>
</group>
<group name="SLICEM">
<item name="BX" rev="34">
<attrib name="BX_INV" value="0"/><attrib name="BX" value="4"/></item>
<item name="BY" rev="34">
<attrib name="BY" value="15"/><attrib name="BY_INV" value="0"/></item>
<item name="CLK" rev="34">
<attrib name="CLK" value="15"/><attrib name="CLK_INV" value="0"/></item>
<item name="SR" rev="34">
<attrib name="SR" value="15"/><attrib name="SR_INV" value="0"/></item>
</group>
<group name="IOB_OFF1">
<item name="CE" rev="34">
<attrib name="CE" value="27"/><attrib name="CE_INV" value="0"/></item>
<item name="CK" rev="34">
<attrib name="CK" value="25"/><attrib name="CK_INV" value="2"/></item>
<item name="D" rev="34">
<attrib name="D" value="27"/><attrib name="D_INV" value="0"/></item>
<item name="LATCH_OR_FF" rev="34">
<attrib name="FF" value="27"/></item>
<item name="OFF1_INIT_ATTR" rev="34">
<attrib name="INIT0" value="27"/></item>
</group>
<group name="IOB_OFF2">
<item name="CE" rev="34">
<attrib name="CE" value="27"/><attrib name="CE_INV" value="0"/></item>
<item name="CK" rev="34">
<attrib name="CK" value="2"/><attrib name="CK_INV" value="25"/></item>
<item name="D" rev="34">
<attrib name="D" value="27"/><attrib name="D_INV" value="0"/></item>
<item name="LATCH_OR_FF" rev="34">
<attrib name="FF" value="27"/></item>
<item name="OFF2_INIT_ATTR" rev="34">
<attrib name="INIT0" value="27"/></item>
</group>
<group name="IOB_OUTBUF">
<item name="IN" rev="34">
<attrib name="IN_INV" value="0"/><attrib name="IN" value="61"/></item>
<item name="SUSPEND" rev="34">
<attrib name="3STATE" value="61"/></item>
<item name="TRI" rev="34">
<attrib name="TRI_INV" value="0"/><attrib name="TRI" value="17"/></item>
</group>
<group name="SLICEL_CYMUXF">
<item name="0" rev="34">
<attrib name="0" value="281"/><attrib name="0_INV" value="0"/></item>
<item name="1" rev="34">
<attrib name="1_INV" value="0"/><attrib name="1" value="281"/></item>
</group>
<group name="SLICEL_CYMUXG">
<item name="0" rev="34">
<attrib name="0" value="251"/><attrib name="0_INV" value="0"/></item>
</group>
<group name="BUFGMUX_GCLKMUX">
<item name="DISABLE_ATTR" rev="34">
<attrib name="LOW" value="3"/></item>
<item name="S" rev="34">
<attrib name="S_INV" value="3"/><attrib name="S" value="0"/></item>
</group>
<group name="IBUF_DELAY_ADJ_BBOX">
<item name="DELAY_ADJ_ATTRBOX" rev="34">
<attrib name="FIXED" value="9"/></item>
<item name="IBUF_DELAY_VALUE" rev="34">
<attrib name="DLY0" value="9"/></item>
<item name="IFD_DELAY_VALUE" rev="34">
<attrib name="DLY0" value="9"/></item>
<item name="SEL_IN" rev="34">
<attrib name="SEL_IN" value="9"/><attrib name="SEL_IN_INV" value="0"/></item>
</group>
<group name="IOBLR_PAD">
<item name="IOATTRBOX" rev="34">
<attrib name="SSTL2_II" value="20"/></item>
</group>
<group name="IOB_TFF1">
<item name="CE" rev="34">
<attrib name="CE" value="16"/><attrib name="CE_INV" value="0"/></item>
<item name="CK" rev="34">
<attrib name="CK" value="16"/><attrib name="CK_INV" value="0"/></item>
<item name="D" rev="34">
<attrib name="D" value="16"/><attrib name="D_INV" value="0"/></item>
<item name="LATCH_OR_FF" rev="34">
<attrib name="FF" value="16"/></item>
<item name="TFF1_INIT_ATTR" rev="34">
<attrib name="INIT0" value="16"/></item>
</group>
<group name="IOB_TFF2">
<item name="CE" rev="34">
<attrib name="CE" value="16"/><attrib name="CE_INV" value="0"/></item>
<item name="CK" rev="34">
<attrib name="CK" value="0"/><attrib name="CK_INV" value="16"/></item>
<item name="D" rev="34">
<attrib name="D" value="16"/><attrib name="D_INV" value="0"/></item>
<item name="LATCH_OR_FF" rev="34">
<attrib name="FF" value="16"/></item>
<item name="TFF2_INIT_ATTR" rev="34">
<attrib name="INIT0" value="16"/></item>
</group>
<group name="SLICEL_FFX">
<item name="CE" rev="34">
<attrib name="CE" value="216"/><attrib name="CE_INV" value="85"/></item>
<item name="CK" rev="34">
<attrib name="CK" value="684"/><attrib name="CK_INV" value="4"/></item>
<item name="D" rev="34">
<attrib name="D" value="687"/><attrib name="D_INV" value="1"/></item>
<item name="FFX_INIT_ATTR" rev="34">
<attrib name="INIT0" value="645"/><attrib name="INIT1" value="43"/></item>
<item name="FFX_SR_ATTR" rev="34">
<attrib name="SRLOW" value="662"/><attrib name="SRHIGH" value="26"/></item>
<item name="LATCH_OR_FF" rev="34">
<attrib name="FF" value="688"/></item>
<item name="SR" rev="34">
<attrib name="SR" value="298"/><attrib name="SR_INV" value="0"/></item>
<item name="SYNC_ATTR" rev="34">
<attrib name="ASYNC" value="680"/><attrib name="SYNC" value="8"/></item>
</group>
<group name="SLICEL_XORF">
<item name="1" rev="34">
<attrib name="1_INV" value="0"/><attrib name="1" value="206"/></item>
</group>
<group name="SLICEL_FFY">
<item name="CE" rev="34">
<attrib name="CE" value="388"/><attrib name="CE_INV" value="73"/></item>
<item name="CK" rev="34">
<attrib name="CK" value="1029"/><attrib name="CK_INV" value="28"/></item>
<item name="D" rev="34">
<attrib name="D" value="1044"/><attrib name="D_INV" value="13"/></item>
<item name="FFY_INIT_ATTR" rev="34">
<attrib name="INIT0" value="998"/><attrib name="INIT1" value="59"/></item>
<item name="FFY_SR_ATTR" rev="34">
<attrib name="SRLOW" value="1021"/><attrib name="SRHIGH" value="36"/></item>
<item name="LATCH_OR_FF" rev="34">
<attrib name="FF" value="1057"/></item>
<item name="SR" rev="34">
<attrib name="SR" value="533"/><attrib name="SR_INV" value="1"/></item>
<item name="SYNC_ATTR" rev="34">
<attrib name="ASYNC" value="1043"/><attrib name="SYNC" value="14"/></item>
</group>
<group name="IOBLR">
<item name="O1" rev="34">
<attrib name="O1_INV" value="0"/><attrib name="O1" value="20"/></item>
<item name="O2" rev="34">
<attrib name="O2" value="20"/><attrib name="O2_INV" value="0"/></item>
<item name="OCE" rev="34">
<attrib name="OCE" value="20"/><attrib name="OCE_INV" value="0"/></item>
<item name="OTCLK1" rev="34">
<attrib name="OTCLK1_INV" value="2"/><attrib name="OTCLK1" value="18"/></item>
<item name="OTCLK2" rev="34">
<attrib name="OTCLK2_INV" value="18"/><attrib name="OTCLK2" value="2"/></item>
<item name="T1" rev="34">
<attrib name="T1_INV" value="0"/><attrib name="T1" value="18"/></item>
<item name="T2" rev="34">
<attrib name="T2" value="18"/><attrib name="T2_INV" value="0"/></item>
<item name="TCE" rev="34">
<attrib name="TCE_INV" value="0"/><attrib name="TCE" value="18"/></item>
</group>
<group name="IOB_DELAY_ADJ_BBOX">
<item name="DELAY_ADJ_ATTRBOX" rev="34">
<attrib name="FIXED" value="17"/></item>
<item name="IBUF_DELAY_VALUE" rev="34">
<attrib name="DLY0" value="17"/></item>
<item name="IFD_DELAY_VALUE" rev="34">
<attrib name="DLY0" value="17"/></item>
<item name="SEL_IN" rev="34">
<attrib name="SEL_IN" value="17"/><attrib name="SEL_IN_INV" value="0"/></item>
</group>
<group name="IOBLR_OFF1">
<item name="CE" rev="34">
<attrib name="CE" value="20"/><attrib name="CE_INV" value="0"/></item>
<item name="CK" rev="34">
<attrib name="CK" value="18"/><attrib name="CK_INV" value="2"/></item>
<item name="D" rev="34">
<attrib name="D" value="20"/><attrib name="D_INV" value="0"/></item>
<item name="LATCH_OR_FF" rev="34">
<attrib name="FF" value="20"/></item>
<item name="OFF1_INIT_ATTR" rev="34">
<attrib name="INIT0" value="20"/></item>
</group>
<group name="SLICEM_FFX">
<item name="CK" rev="34">
<attrib name="CK" value="4"/><attrib name="CK_INV" value="0"/></item>
<item name="D" rev="34">
<attrib name="D" value="4"/><attrib name="D_INV" value="0"/></item>
<item name="FFX_INIT_ATTR" rev="34">
<attrib name="INIT0" value="4"/></item>
<item name="FFX_SR_ATTR" rev="34">
<attrib name="SRLOW" value="4"/></item>
<item name="LATCH_OR_FF" rev="34">
<attrib name="FF" value="4"/></item>
<item name="SYNC_ATTR" rev="34">
<attrib name="ASYNC" value="4"/></item>
</group>
<group name="IOBLR_OFF2">
<item name="CE" rev="34">
<attrib name="CE" value="20"/><attrib name="CE_INV" value="0"/></item>
<item name="CK" rev="34">
<attrib name="CK" value="2"/><attrib name="CK_INV" value="18"/></item>
<item name="D" rev="34">
<attrib name="D" value="20"/><attrib name="D_INV" value="0"/></item>
<item name="LATCH_OR_FF" rev="34">
<attrib name="FF" value="20"/></item>
<item name="OFF2_INIT_ATTR" rev="34">
<attrib name="INIT0" value="20"/></item>
</group>
<group name="SLICEM_FFY">
<item name="CK" rev="34">
<attrib name="CK" value="15"/><attrib name="CK_INV" value="0"/></item>
<item name="D" rev="34">
<attrib name="D" value="15"/><attrib name="D_INV" value="0"/></item>
<item name="FFY_INIT_ATTR" rev="34">
<attrib name="INIT0" value="15"/></item>
<item name="FFY_SR_ATTR" rev="34">
<attrib name="SRLOW" value="15"/></item>
<item name="LATCH_OR_FF" rev="34">
<attrib name="FF" value="15"/></item>
<item name="SYNC_ATTR" rev="34">
<attrib name="ASYNC" value="15"/></item>
</group>
<group name="IOB_PAD">
<item name="DRIVEATTRBOX" rev="34">
<attrib name="6" value="26"/><attrib name="12" value="14"/></item>
<item name="IOATTRBOX" rev="34">
<attrib name="SSTL2_I" value="21"/><attrib name="LVCMOS25" value="40"/></item>
<item name="PULL" rev="34">
<attrib name="PULLDOWN" value="1"/></item>
<item name="SLEW" rev="34">
<attrib name="SLOW" value="11"/><attrib name="FAST" value="29"/></item>
</group>
<group name="RAMB16BWE">
<item name="CLKA" rev="34">
<attrib name="CLKA_INV" value="0"/><attrib name="CLKA" value="15"/></item>
<item name="CLKB" rev="34">
<attrib name="CLKB_INV" value="0"/><attrib name="CLKB" value="15"/></item>
<item name="ENA" rev="34">
<attrib name="ENA_INV" value="0"/><attrib name="ENA" value="15"/></item>
<item name="ENB" rev="34">
<attrib name="ENB_INV" value="0"/><attrib name="ENB" value="15"/></item>
<item name="SSRA" rev="34">
<attrib name="SSRA_INV" value="0"/><attrib name="SSRA" value="15"/></item>
<item name="SSRB" rev="34">
<attrib name="SSRB_INV" value="0"/><attrib name="SSRB" value="15"/></item>
<item name="WEA0" rev="34">
<attrib name="WEA0" value="15"/><attrib name="WEA0_INV" value="0"/></item>
<item name="WEA1" rev="34">
<attrib name="WEA1" value="15"/><attrib name="WEA1_INV" value="0"/></item>
<item name="WEA2" rev="34">
<attrib name="WEA2" value="15"/><attrib name="WEA2_INV" value="0"/></item>
<item name="WEA3" rev="34">
<attrib name="WEA3_INV" value="0"/><attrib name="WEA3" value="15"/></item>
<item name="WEB0" rev="34">
<attrib name="WEB0" value="15"/><attrib name="WEB0_INV" value="0"/></item>
<item name="WEB1" rev="34">
<attrib name="WEB1" value="15"/><attrib name="WEB1_INV" value="0"/></item>
<item name="WEB2" rev="34">
<attrib name="WEB2_INV" value="0"/><attrib name="WEB2" value="15"/></item>
<item name="WEB3" rev="34">
<attrib name="WEB3" value="15"/><attrib name="WEB3_INV" value="0"/></item>
</group>
<group name="IOB">
<item name="O1" rev="34">
<attrib name="O1_INV" value="0"/><attrib name="O1" value="61"/></item>
<item name="O2" rev="34">
<attrib name="O2" value="27"/><attrib name="O2_INV" value="0"/></item>
<item name="OCE" rev="34">
<attrib name="OCE" value="27"/><attrib name="OCE_INV" value="0"/></item>
<item name="OTCLK1" rev="34">
<attrib name="OTCLK1_INV" value="2"/><attrib name="OTCLK1" value="25"/></item>
<item name="OTCLK2" rev="34">
<attrib name="OTCLK2_INV" value="25"/><attrib name="OTCLK2" value="2"/></item>
<item name="T1" rev="34">
<attrib name="T1_INV" value="0"/><attrib name="T1" value="17"/></item>
<item name="T2" rev="34">
<attrib name="T2" value="16"/><attrib name="T2_INV" value="0"/></item>
<item name="TCE" rev="34">
<attrib name="TCE_INV" value="0"/><attrib name="TCE" value="16"/></item>
</group>
<group name="DCM_DCM">
<item name="CLKDV_DIVIDE" rev="34">
<attrib name="2" value="2"/></item>
<item name="CLKOUT_PHASE_SHIFT" rev="34">
<attrib name="NONE" value="2"/></item>
<item name="CLK_FEEDBACK" rev="34">
<attrib name="1X" value="2"/></item>
<item name="DESKEW_ADJUST" rev="34">
<attrib name="6" value="2"/></item>
<item name="DFS_FREQUENCY_MODE" rev="34">
<attrib name="LOW" value="2"/></item>
<item name="DLL_FREQUENCY_MODE" rev="34">
<attrib name="LOW" value="2"/></item>
<item name="DUTY_CYCLE_CORRECTION" rev="34">
<attrib name="TRUE" value="2"/></item>
<item name="FACTORY_JF1" rev="34">
<attrib name="0XC0" value="2"/></item>
<item name="FACTORY_JF2" rev="34">
<attrib name="0X80" value="2"/></item>
<item name="PSCLK" rev="34">
<attrib name="PSCLK_INV" value="0"/><attrib name="PSCLK" value="2"/></item>
<item name="PSEN" rev="34">
<attrib name="PSEN_INV" value="0"/><attrib name="PSEN" value="2"/></item>
<item name="PSINCDEC" rev="34">
<attrib name="PSINCDEC_INV" value="0"/><attrib name="PSINCDEC" value="2"/></item>
<item name="RST" rev="34">
<attrib name="RST" value="1"/><attrib name="RST_INV" value="1"/></item>
</group>
<group name="BUFGMUX">
<item name="S" rev="34">
<attrib name="S_INV" value="3"/><attrib name="S" value="0"/></item>
</group>
<group name="DCM">
<item name="PSCLK" rev="34">
<attrib name="PSCLK_INV" value="0"/><attrib name="PSCLK" value="2"/></item>
<item name="PSEN" rev="34">
<attrib name="PSEN_INV" value="0"/><attrib name="PSEN" value="2"/></item>
<item name="PSINCDEC" rev="34">
<attrib name="PSINCDEC_INV" value="0"/><attrib name="PSINCDEC" value="2"/></item>
<item name="RST" rev="34">
<attrib name="RST" value="1"/><attrib name="RST_INV" value="1"/></item>
</group>
<group name="IOBLR_TFF1">
<item name="CE" rev="34">
<attrib name="CE" value="18"/><attrib name="CE_INV" value="0"/></item>
<item name="CK" rev="34">
<attrib name="CK" value="16"/><attrib name="CK_INV" value="2"/></item>
<item name="D" rev="34">
<attrib name="D" value="18"/><attrib name="D_INV" value="0"/></item>
<item name="LATCH_OR_FF" rev="34">
<attrib name="FF" value="18"/></item>
<item name="TFF1_INIT_ATTR" rev="34">
<attrib name="INIT0" value="18"/></item>
</group>
<group name="SLICEL_F5MUX">
<item name="S0" rev="34">
<attrib name="S0" value="84"/><attrib name="S0_INV" value="0"/></item>
</group>
<group name="IOBLR_TFF2">
<item name="CE" rev="34">
<attrib name="CE" value="18"/><attrib name="CE_INV" value="0"/></item>
<item name="CK" rev="34">
<attrib name="CK" value="2"/><attrib name="CK_INV" value="16"/></item>
<item name="D" rev="34">
<attrib name="D" value="18"/><attrib name="D_INV" value="0"/></item>
<item name="LATCH_OR_FF" rev="34">
<attrib name="FF" value="18"/></item>
<item name="TFF2_INIT_ATTR" rev="34">
<attrib name="INIT0" value="18"/></item>
</group>
</ReportConfigData>
<ReportPinData TimeStamp="Fri Dec 24 14:35:42 2010"><group name="IBUF_PAD">
<item name="PAD" rev="34">
<attrib name="value" value="9"/></item>
</group>
<group name="IBUF_INBUF">
<item name="IN" rev="34">
<attrib name="value" value="9"/></item>
<item name="OUT" rev="34">
<attrib name="value" value="9"/></item>
</group>
<group name="SLICEM_F">
<item name="A1" rev="34">
<attrib name="value" value="6"/></item>
<item name="A2" rev="34">
<attrib name="value" value="6"/></item>
<item name="A3" rev="34">
<attrib name="value" value="6"/></item>
<item name="A4" rev="34">
<attrib name="value" value="5"/></item>
<item name="D" rev="34">
<attrib name="value" value="6"/></item>
<item name="DI" rev="34">
<attrib name="value" value="4"/></item>
<item name="WS" rev="34">
<attrib name="value" value="4"/></item>
</group>
<group name="RAMB16BWE_RAMB16BWE">
<item name="ADDRA10" rev="34">
<attrib name="value" value="15"/></item>
<item name="ADDRA11" rev="34">
<attrib name="value" value="15"/></item>
<item name="ADDRA12" rev="34">
<attrib name="value" value="15"/></item>
<item name="ADDRA13" rev="34">
<attrib name="value" value="15"/></item>
<item name="ADDRA2" rev="34">
<attrib name="value" value="12"/></item>
<item name="ADDRA3" rev="34">
<attrib name="value" value="12"/></item>
<item name="ADDRA4" rev="34">
<attrib name="value" value="13"/></item>
<item name="ADDRA5" rev="34">
<attrib name="value" value="15"/></item>
<item name="ADDRA6" rev="34">
<attrib name="value" value="15"/></item>
<item name="ADDRA7" rev="34">
<attrib name="value" value="15"/></item>
<item name="ADDRA8" rev="34">
<attrib name="value" value="15"/></item>
<item name="ADDRA9" rev="34">
<attrib name="value" value="15"/></item>
<item name="ADDRB10" rev="34">
<attrib name="value" value="15"/></item>
<item name="ADDRB11" rev="34">
<attrib name="value" value="15"/></item>
<item name="ADDRB12" rev="34">
<attrib name="value" value="15"/></item>
<item name="ADDRB13" rev="34">
<attrib name="value" value="15"/></item>
<item name="ADDRB2" rev="34">
<attrib name="value" value="12"/></item>
<item name="ADDRB3" rev="34">
<attrib name="value" value="12"/></item>
<item name="ADDRB4" rev="34">
<attrib name="value" value="13"/></item>
<item name="ADDRB5" rev="34">
<attrib name="value" value="15"/></item>
<item name="ADDRB6" rev="34">
<attrib name="value" value="15"/></item>
<item name="ADDRB7" rev="34">
<attrib name="value" value="15"/></item>
<item name="ADDRB8" rev="34">
<attrib name="value" value="15"/></item>
<item name="ADDRB9" rev="34">
<attrib name="value" value="15"/></item>
<item name="CLKA" rev="34">
<attrib name="value" value="15"/></item>
<item name="CLKB" rev="34">
<attrib name="value" value="15"/></item>
<item name="DIA0" rev="34">
<attrib name="value" value="15"/></item>
<item name="DIA1" rev="34">
<attrib name="value" value="15"/></item>
<item name="DIA10" rev="34">
<attrib name="value" value="3"/></item>
<item name="DIA11" rev="34">
<attrib name="value" value="3"/></item>
<item name="DIA12" rev="34">
<attrib name="value" value="3"/></item>
<item name="DIA13" rev="34">
<attrib name="value" value="3"/></item>
<item name="DIA14" rev="34">
<attrib name="value" value="3"/></item>
<item name="DIA15" rev="34">
<attrib name="value" value="3"/></item>
<item name="DIA16" rev="34">
<attrib name="value" value="2"/></item>
<item name="DIA17" rev="34">
<attrib name="value" value="2"/></item>
<item name="DIA18" rev="34">
<attrib name="value" value="2"/></item>
<item name="DIA19" rev="34">
<attrib name="value" value="2"/></item>
<item name="DIA2" rev="34">
<attrib name="value" value="15"/></item>
<item name="DIA20" rev="34">
<attrib name="value" value="2"/></item>
<item name="DIA21" rev="34">
<attrib name="value" value="2"/></item>
<item name="DIA22" rev="34">
<attrib name="value" value="2"/></item>
<item name="DIA23" rev="34">
<attrib name="value" value="2"/></item>
<item name="DIA24" rev="34">
<attrib name="value" value="2"/></item>
<item name="DIA25" rev="34">
<attrib name="value" value="2"/></item>
<item name="DIA26" rev="34">
<attrib name="value" value="2"/></item>
<item name="DIA27" rev="34">
<attrib name="value" value="2"/></item>
<item name="DIA28" rev="34">
<attrib name="value" value="2"/></item>
<item name="DIA29" rev="34">
<attrib name="value" value="2"/></item>
<item name="DIA3" rev="34">
<attrib name="value" value="15"/></item>
<item name="DIA30" rev="34">
<attrib name="value" value="2"/></item>
<item name="DIA31" rev="34">
<attrib name="value" value="2"/></item>
<item name="DIA4" rev="34">
<attrib name="value" value="3"/></item>
<item name="DIA5" rev="34">
<attrib name="value" value="3"/></item>
<item name="DIA6" rev="34">
<attrib name="value" value="3"/></item>
<item name="DIA7" rev="34">
<attrib name="value" value="3"/></item>
<item name="DIA8" rev="34">
<attrib name="value" value="3"/></item>
<item name="DIA9" rev="34">
<attrib name="value" value="3"/></item>
<item name="DIPA0" rev="34">
<attrib name="value" value="3"/></item>
<item name="DIPA1" rev="34">
<attrib name="value" value="3"/></item>
<item name="DIPA2" rev="34">
<attrib name="value" value="2"/></item>
<item name="DIPA3" rev="34">
<attrib name="value" value="2"/></item>
<item name="DOB0" rev="34">
<attrib name="value" value="15"/></item>
<item name="DOB1" rev="34">
<attrib name="value" value="15"/></item>
<item name="DOB10" rev="34">
<attrib name="value" value="1"/></item>
<item name="DOB11" rev="34">
<attrib name="value" value="1"/></item>
<item name="DOB16" rev="34">
<attrib name="value" value="2"/></item>
<item name="DOB17" rev="34">
<attrib name="value" value="2"/></item>
<item name="DOB2" rev="34">
<attrib name="value" value="15"/></item>
<item name="DOB24" rev="34">
<attrib name="value" value="2"/></item>
<item name="DOB25" rev="34">
<attrib name="value" value="2"/></item>
<item name="DOB3" rev="34">
<attrib name="value" value="13"/></item>
<item name="DOB8" rev="34">
<attrib name="value" value="3"/></item>
<item name="DOB9" rev="34">
<attrib name="value" value="3"/></item>
<item name="ENA" rev="34">
<attrib name="value" value="15"/></item>
<item name="ENB" rev="34">
<attrib name="value" value="15"/></item>
<item name="SSRA" rev="34">
<attrib name="value" value="15"/></item>
<item name="SSRB" rev="34">
<attrib name="value" value="15"/></item>
<item name="WEA0" rev="34">
<attrib name="value" value="15"/></item>
<item name="WEA1" rev="34">
<attrib name="value" value="15"/></item>
<item name="WEA2" rev="34">
<attrib name="value" value="15"/></item>
<item name="WEA3" rev="34">
<attrib name="value" value="15"/></item>
<item name="WEB0" rev="34">
<attrib name="value" value="15"/></item>
<item name="WEB1" rev="34">
<attrib name="value" value="15"/></item>
<item name="WEB2" rev="34">
<attrib name="value" value="15"/></item>
<item name="WEB3" rev="34">
<attrib name="value" value="15"/></item>
</group>
<group name="SLICEM_G">
<item name="A1" rev="34">
<attrib name="value" value="15"/></item>
<item name="A2" rev="34">
<attrib name="value" value="15"/></item>
<item name="A3" rev="34">
<attrib name="value" value="15"/></item>
<item name="A4" rev="34">
<attrib name="value" value="15"/></item>
<item name="D" rev="34">
<attrib name="value" value="15"/></item>
<item name="DI" rev="34">
<attrib name="value" value="15"/></item>
<item name="WS" rev="34">
<attrib name="value" value="15"/></item>
</group>
<group name="IOBLR_OUTBUF">
<item name="IN" rev="34">
<attrib name="value" value="20"/></item>
<item name="OUT" rev="34">
<attrib name="value" value="20"/></item>
<item name="TRI" rev="34">
<attrib name="value" value="18"/></item>
</group>
<group name="IOBLR_TFFDDRBLACKBOX">
<item name="TFF1" rev="34">
<attrib name="value" value="18"/></item>
<item name="TFF2" rev="34">
<attrib name="value" value="18"/></item>
<item name="TFFDDR" rev="34">
<attrib name="value" value="18"/></item>
</group>
<group name="IOB_OFFDDRBLACKBOX">
<item name="OFF1" rev="34">
<attrib name="value" value="27"/></item>
<item name="OFF2" rev="34">
<attrib name="value" value="27"/></item>
<item name="OFFDDR" rev="34">
<attrib name="value" value="27"/></item>
</group>
<group name="SLICEL">
<item name="BX" rev="34">
<attrib name="value" value="290"/></item>
<item name="BY" rev="34">
<attrib name="value" value="561"/></item>
<item name="CE" rev="34">
<attrib name="value" value="548"/></item>
<item name="CIN" rev="34">
<attrib name="value" value="235"/></item>
<item name="CLK" rev="34">
<attrib name="value" value="1359"/></item>
<item name="COUT" rev="34">
<attrib name="value" value="251"/></item>
<item name="F1" rev="34">
<attrib name="value" value="1149"/></item>
<item name="F2" rev="34">
<attrib name="value" value="983"/></item>
<item name="F3" rev="34">
<attrib name="value" value="827"/></item>
<item name="F4" rev="34">
<attrib name="value" value="672"/></item>
<item name="G1" rev="34">
<attrib name="value" value="1298"/></item>
<item name="G2" rev="34">
<attrib name="value" value="1141"/></item>
<item name="G3" rev="34">
<attrib name="value" value="865"/></item>
<item name="G4" rev="34">
<attrib name="value" value="671"/></item>
<item name="SR" rev="34">
<attrib name="value" value="612"/></item>
<item name="X" rev="34">
<attrib name="value" value="554"/></item>
<item name="XB" rev="34">
<attrib name="value" value="8"/></item>
<item name="XQ" rev="34">
<attrib name="value" value="688"/></item>
<item name="Y" rev="34">
<attrib name="value" value="669"/></item>
<item name="YQ" rev="34">
<attrib name="value" value="1057"/></item>
</group>
<group name="SLICEM_WSGEN">
<item name="CK" rev="34">
<attrib name="value" value="15"/></item>
<item name="WE" rev="34">
<attrib name="value" value="15"/></item>
<item name="WSF" rev="34">
<attrib name="value" value="4"/></item>
<item name="WSG" rev="34">
<attrib name="value" value="15"/></item>
</group>
<group name="SLICEM">
<item name="BX" rev="34">
<attrib name="value" value="4"/></item>
<item name="BY" rev="34">
<attrib name="value" value="15"/></item>
<item name="CLK" rev="34">
<attrib name="value" value="15"/></item>
<item name="F1" rev="34">
<attrib name="value" value="6"/></item>
<item name="F2" rev="34">
<attrib name="value" value="6"/></item>
<item name="F3" rev="34">
<attrib name="value" value="6"/></item>
<item name="F4" rev="34">
<attrib name="value" value="5"/></item>
<item name="G1" rev="34">
<attrib name="value" value="15"/></item>
<item name="G2" rev="34">
<attrib name="value" value="15"/></item>
<item name="G3" rev="34">
<attrib name="value" value="15"/></item>
<item name="G4" rev="34">
<attrib name="value" value="15"/></item>
<item name="SR" rev="34">
<attrib name="value" value="15"/></item>
<item name="X" rev="34">
<attrib name="value" value="2"/></item>
<item name="XQ" rev="34">
<attrib name="value" value="4"/></item>
<item name="YQ" rev="34">
<attrib name="value" value="15"/></item>
</group>
<group name="IOB_OFF1">
<item name="CE" rev="34">
<attrib name="value" value="27"/></item>
<item name="CK" rev="34">
<attrib name="value" value="27"/></item>
<item name="D" rev="34">
<attrib name="value" value="27"/></item>
<item name="Q" rev="34">
<attrib name="value" value="27"/></item>
</group>
<group name="IOB_OFF2">
<item name="CE" rev="34">
<attrib name="value" value="27"/></item>
<item name="CK" rev="34">
<attrib name="value" value="27"/></item>
<item name="D" rev="34">
<attrib name="value" value="27"/></item>
<item name="Q" rev="34">
<attrib name="value" value="27"/></item>
</group>
<group name="IOB_OUTBUF">
<item name="IN" rev="34">
<attrib name="value" value="61"/></item>
<item name="OUT" rev="34">
<attrib name="value" value="61"/></item>
<item name="TRI" rev="34">
<attrib name="value" value="17"/></item>
</group>
<group name="SLICEL_CYMUXF">
<item name="0" rev="34">
<attrib name="value" value="281"/></item>
<item name="1" rev="34">
<attrib name="value" value="281"/></item>
<item name="OUT" rev="34">
<attrib name="value" value="281"/></item>
<item name="S0" rev="34">
<attrib name="value" value="281"/></item>
</group>
<group name="SLICEL_CYMUXG">
<item name="0" rev="34">
<attrib name="value" value="251"/></item>
<item name="1" rev="34">
<attrib name="value" value="251"/></item>
<item name="OUT" rev="34">
<attrib name="value" value="251"/></item>
<item name="S0" rev="34">
<attrib name="value" value="251"/></item>
</group>
<group name="BUFGMUX_GCLKMUX">
<item name="I0" rev="34">
<attrib name="value" value="3"/></item>
<item name="OUT" rev="34">
<attrib name="value" value="3"/></item>
<item name="S" rev="34">
<attrib name="value" value="3"/></item>
</group>
<group name="IBUF_DELAY_ADJ_BBOX">
<item name="IBUF_OUT" rev="34">
<attrib name="value" value="9"/></item>
<item name="SEL_IN" rev="34">
<attrib name="value" value="9"/></item>
</group>
<group name="IOBLR_PAD">
<item name="PAD" rev="34">
<attrib name="value" value="20"/></item>
</group>
<group name="SLICEL_C1VDD">
<item name="1" rev="34">
<attrib name="value" value="30"/></item>
</group>
<group name="IBUF">
<item name="I" rev="34">
<attrib name="value" value="9"/></item>
<item name="PAD" rev="34">
<attrib name="value" value="9"/></item>
</group>
<group name="IOBLR_OFFDDRBLACKBOX">
<item name="OFF1" rev="34">
<attrib name="value" value="20"/></item>
<item name="OFF2" rev="34">
<attrib name="value" value="20"/></item>
<item name="OFFDDR" rev="34">
<attrib name="value" value="20"/></item>
</group>
<group name="IOB_TFF1">
<item name="CE" rev="34">
<attrib name="value" value="16"/></item>
<item name="CK" rev="34">
<attrib name="value" value="16"/></item>
<item name="D" rev="34">
<attrib name="value" value="16"/></item>
<item name="Q" rev="34">
<attrib name="value" value="16"/></item>
</group>
<group name="IOB_TFF2">
<item name="CE" rev="34">
<attrib name="value" value="16"/></item>
<item name="CK" rev="34">
<attrib name="value" value="16"/></item>
<item name="D" rev="34">
<attrib name="value" value="16"/></item>
<item name="Q" rev="34">
<attrib name="value" value="16"/></item>
</group>
<group name="IOB_INBUF">
<item name="IN" rev="34">
<attrib name="value" value="17"/></item>
<item name="OUT" rev="34">
<attrib name="value" value="17"/></item>
</group>
<group name="SLICEL_FFX">
<item name="CE" rev="34">
<attrib name="value" value="301"/></item>
<item name="CK" rev="34">
<attrib name="value" value="688"/></item>
<item name="D" rev="34">
<attrib name="value" value="688"/></item>
<item name="Q" rev="34">
<attrib name="value" value="688"/></item>
<item name="SR" rev="34">
<attrib name="value" value="298"/></item>
</group>
<group name="SLICEL_XORF">
<item name="0" rev="34">
<attrib name="value" value="206"/></item>
<item name="1" rev="34">
<attrib name="value" value="206"/></item>
<item name="O" rev="34">
<attrib name="value" value="206"/></item>
</group>
<group name="SLICEL_FFY">
<item name="CE" rev="34">
<attrib name="value" value="461"/></item>
<item name="CK" rev="34">
<attrib name="value" value="1057"/></item>
<item name="D" rev="34">
<attrib name="value" value="1057"/></item>
<item name="Q" rev="34">
<attrib name="value" value="1057"/></item>
<item name="SR" rev="34">
<attrib name="value" value="534"/></item>
</group>
<group name="SLICEL_XORG">
<item name="0" rev="34">
<attrib name="value" value="200"/></item>
<item name="1" rev="34">
<attrib name="value" value="200"/></item>
<item name="O" rev="34">
<attrib name="value" value="200"/></item>
</group>
<group name="IOBLR">
<item name="O1" rev="34">
<attrib name="value" value="20"/></item>
<item name="O2" rev="34">
<attrib name="value" value="20"/></item>
<item name="OCE" rev="34">
<attrib name="value" value="20"/></item>
<item name="OTCLK1" rev="34">
<attrib name="value" value="20"/></item>
<item name="OTCLK2" rev="34">
<attrib name="value" value="20"/></item>
<item name="PAD" rev="34">
<attrib name="value" value="20"/></item>
<item name="T1" rev="34">
<attrib name="value" value="18"/></item>
<item name="T2" rev="34">
<attrib name="value" value="18"/></item>
<item name="TCE" rev="34">
<attrib name="value" value="18"/></item>
</group>
<group name="IOB_DELAY_ADJ_BBOX">
<item name="IBUF_OUT" rev="34">
<attrib name="value" value="17"/></item>
<item name="SEL_IN" rev="34">
<attrib name="value" value="17"/></item>
</group>
<group name="IOBLR_OFF1">
<item name="CE" rev="34">
<attrib name="value" value="20"/></item>
<item name="CK" rev="34">
<attrib name="value" value="20"/></item>
<item name="D" rev="34">
<attrib name="value" value="20"/></item>
<item name="Q" rev="34">
<attrib name="value" value="20"/></item>
</group>
<group name="SLICEM_FFX">
<item name="CK" rev="34">
<attrib name="value" value="4"/></item>
<item name="D" rev="34">
<attrib name="value" value="4"/></item>
<item name="Q" rev="34">
<attrib name="value" value="4"/></item>
</group>
<group name="IOBLR_OFF2">
<item name="CE" rev="34">
<attrib name="value" value="20"/></item>
<item name="CK" rev="34">
<attrib name="value" value="20"/></item>
<item name="D" rev="34">
<attrib name="value" value="20"/></item>
<item name="Q" rev="34">
<attrib name="value" value="20"/></item>
</group>
<group name="SLICEM_FFY">
<item name="CK" rev="34">
<attrib name="value" value="15"/></item>
<item name="D" rev="34">
<attrib name="value" value="15"/></item>
<item name="Q" rev="34">
<attrib name="value" value="15"/></item>
</group>
<group name="IOB_PAD">
<item name="PAD" rev="34">
<attrib name="value" value="61"/></item>
</group>
<group name="RAMB16BWE">
<item name="ADDRA10" rev="34">
<attrib name="value" value="15"/></item>
<item name="ADDRA11" rev="34">
<attrib name="value" value="15"/></item>
<item name="ADDRA12" rev="34">
<attrib name="value" value="15"/></item>
<item name="ADDRA13" rev="34">
<attrib name="value" value="15"/></item>
<item name="ADDRA2" rev="34">
<attrib name="value" value="12"/></item>
<item name="ADDRA3" rev="34">
<attrib name="value" value="12"/></item>
<item name="ADDRA4" rev="34">
<attrib name="value" value="13"/></item>
<item name="ADDRA5" rev="34">
<attrib name="value" value="15"/></item>
<item name="ADDRA6" rev="34">
<attrib name="value" value="15"/></item>
<item name="ADDRA7" rev="34">
<attrib name="value" value="15"/></item>
<item name="ADDRA8" rev="34">
<attrib name="value" value="15"/></item>
<item name="ADDRA9" rev="34">
<attrib name="value" value="15"/></item>
<item name="ADDRB10" rev="34">
<attrib name="value" value="15"/></item>
<item name="ADDRB11" rev="34">
<attrib name="value" value="15"/></item>
<item name="ADDRB12" rev="34">
<attrib name="value" value="15"/></item>
<item name="ADDRB13" rev="34">
<attrib name="value" value="15"/></item>
<item name="ADDRB2" rev="34">
<attrib name="value" value="12"/></item>
<item name="ADDRB3" rev="34">
<attrib name="value" value="12"/></item>
<item name="ADDRB4" rev="34">
<attrib name="value" value="13"/></item>
<item name="ADDRB5" rev="34">
<attrib name="value" value="15"/></item>
<item name="ADDRB6" rev="34">
<attrib name="value" value="15"/></item>
<item name="ADDRB7" rev="34">
<attrib name="value" value="15"/></item>
<item name="ADDRB8" rev="34">
<attrib name="value" value="15"/></item>
<item name="ADDRB9" rev="34">
<attrib name="value" value="15"/></item>
<item name="CLKA" rev="34">
<attrib name="value" value="15"/></item>
<item name="CLKB" rev="34">
<attrib name="value" value="15"/></item>
<item name="DIA0" rev="34">
<attrib name="value" value="15"/></item>
<item name="DIA1" rev="34">
<attrib name="value" value="15"/></item>
<item name="DIA10" rev="34">
<attrib name="value" value="3"/></item>
<item name="DIA11" rev="34">
<attrib name="value" value="3"/></item>
<item name="DIA12" rev="34">
<attrib name="value" value="3"/></item>
<item name="DIA13" rev="34">
<attrib name="value" value="3"/></item>
<item name="DIA14" rev="34">
<attrib name="value" value="3"/></item>
<item name="DIA15" rev="34">
<attrib name="value" value="3"/></item>
<item name="DIA16" rev="34">
<attrib name="value" value="2"/></item>
<item name="DIA17" rev="34">
<attrib name="value" value="2"/></item>
<item name="DIA18" rev="34">
<attrib name="value" value="2"/></item>
<item name="DIA19" rev="34">
<attrib name="value" value="2"/></item>
<item name="DIA2" rev="34">
<attrib name="value" value="15"/></item>
<item name="DIA20" rev="34">
<attrib name="value" value="2"/></item>
<item name="DIA21" rev="34">
<attrib name="value" value="2"/></item>
<item name="DIA22" rev="34">
<attrib name="value" value="2"/></item>
<item name="DIA23" rev="34">
<attrib name="value" value="2"/></item>
<item name="DIA24" rev="34">
<attrib name="value" value="2"/></item>
<item name="DIA25" rev="34">
<attrib name="value" value="2"/></item>
<item name="DIA26" rev="34">
<attrib name="value" value="2"/></item>
<item name="DIA27" rev="34">
<attrib name="value" value="2"/></item>
<item name="DIA28" rev="34">
<attrib name="value" value="2"/></item>
<item name="DIA29" rev="34">
<attrib name="value" value="2"/></item>
<item name="DIA3" rev="34">
<attrib name="value" value="15"/></item>
<item name="DIA30" rev="34">
<attrib name="value" value="2"/></item>
<item name="DIA31" rev="34">
<attrib name="value" value="2"/></item>
<item name="DIA4" rev="34">
<attrib name="value" value="3"/></item>
<item name="DIA5" rev="34">
<attrib name="value" value="3"/></item>
<item name="DIA6" rev="34">
<attrib name="value" value="3"/></item>
<item name="DIA7" rev="34">
<attrib name="value" value="3"/></item>
<item name="DIA8" rev="34">
<attrib name="value" value="3"/></item>
<item name="DIA9" rev="34">
<attrib name="value" value="3"/></item>
<item name="DIPA0" rev="34">
<attrib name="value" value="3"/></item>
<item name="DIPA1" rev="34">
<attrib name="value" value="3"/></item>
<item name="DIPA2" rev="34">
<attrib name="value" value="2"/></item>
<item name="DIPA3" rev="34">
<attrib name="value" value="2"/></item>
<item name="DOB0" rev="34">
<attrib name="value" value="15"/></item>
<item name="DOB1" rev="34">
<attrib name="value" value="15"/></item>
<item name="DOB10" rev="34">
<attrib name="value" value="1"/></item>
<item name="DOB11" rev="34">
<attrib name="value" value="1"/></item>
<item name="DOB16" rev="34">
<attrib name="value" value="2"/></item>
<item name="DOB17" rev="34">
<attrib name="value" value="2"/></item>
<item name="DOB2" rev="34">
<attrib name="value" value="15"/></item>
<item name="DOB24" rev="34">
<attrib name="value" value="2"/></item>
<item name="DOB25" rev="34">
<attrib name="value" value="2"/></item>
<item name="DOB3" rev="34">
<attrib name="value" value="13"/></item>
<item name="DOB8" rev="34">
<attrib name="value" value="3"/></item>
<item name="DOB9" rev="34">
<attrib name="value" value="3"/></item>
<item name="ENA" rev="34">
<attrib name="value" value="15"/></item>
<item name="ENB" rev="34">
<attrib name="value" value="15"/></item>
<item name="SSRA" rev="34">
<attrib name="value" value="15"/></item>
<item name="SSRB" rev="34">
<attrib name="value" value="15"/></item>
<item name="WEA0" rev="34">
<attrib name="value" value="15"/></item>
<item name="WEA1" rev="34">
<attrib name="value" value="15"/></item>
<item name="WEA2" rev="34">
<attrib name="value" value="15"/></item>
<item name="WEA3" rev="34">
<attrib name="value" value="15"/></item>
<item name="WEB0" rev="34">
<attrib name="value" value="15"/></item>
<item name="WEB1" rev="34">
<attrib name="value" value="15"/></item>
<item name="WEB2" rev="34">
<attrib name="value" value="15"/></item>
<item name="WEB3" rev="34">
<attrib name="value" value="15"/></item>
</group>
<group name="IOB">
<item name="I" rev="34">
<attrib name="value" value="17"/></item>
<item name="O1" rev="34">
<attrib name="value" value="61"/></item>
<item name="O2" rev="34">
<attrib name="value" value="27"/></item>
<item name="OCE" rev="34">
<attrib name="value" value="27"/></item>
<item name="OTCLK1" rev="34">
<attrib name="value" value="27"/></item>
<item name="OTCLK2" rev="34">
<attrib name="value" value="27"/></item>
<item name="PAD" rev="34">
<attrib name="value" value="61"/></item>
<item name="T1" rev="34">
<attrib name="value" value="17"/></item>
<item name="T2" rev="34">
<attrib name="value" value="16"/></item>
<item name="TCE" rev="34">
<attrib name="value" value="16"/></item>
</group>
<group name="DCM_DCM">
<item name="CLK0" rev="34">
<attrib name="value" value="2"/></item>
<item name="CLK90" rev="34">
<attrib name="value" value="1"/></item>
<item name="CLKFB" rev="34">
<attrib name="value" value="2"/></item>
<item name="CLKFX" rev="34">
<attrib name="value" value="1"/></item>
<item name="CLKIN" rev="34">
<attrib name="value" value="2"/></item>
<item name="LOCKED" rev="34">
<attrib name="value" value="2"/></item>
<item name="PSCLK" rev="34">
<attrib name="value" value="2"/></item>
<item name="PSEN" rev="34">
<attrib name="value" value="2"/></item>
<item name="PSINCDEC" rev="34">
<attrib name="value" value="2"/></item>
<item name="RST" rev="34">
<attrib name="value" value="2"/></item>
<item name="STATUS2" rev="34">
<attrib name="value" value="1"/></item>
</group>
<group name="BUFGMUX">
<item name="I0" rev="34">
<attrib name="value" value="3"/></item>
<item name="O" rev="34">
<attrib name="value" value="3"/></item>
<item name="S" rev="34">
<attrib name="value" value="3"/></item>
</group>
<group name="IOB_TFFDDRBLACKBOX">
<item name="TFF1" rev="34">
<attrib name="value" value="16"/></item>
<item name="TFF2" rev="34">
<attrib name="value" value="16"/></item>
<item name="TFFDDR" rev="34">
<attrib name="value" value="16"/></item>
</group>
<group name="SLICEL_C2VDD">
<item name="1" rev="34">
<attrib name="value" value="19"/></item>
</group>
<group name="DCM">
<item name="CLK0" rev="34">
<attrib name="value" value="2"/></item>
<item name="CLK90" rev="34">
<attrib name="value" value="1"/></item>
<item name="CLKFB" rev="34">
<attrib name="value" value="2"/></item>
<item name="CLKFX" rev="34">
<attrib name="value" value="1"/></item>
<item name="CLKIN" rev="34">
<attrib name="value" value="2"/></item>
<item name="LOCKED" rev="34">
<attrib name="value" value="2"/></item>
<item name="PSCLK" rev="34">
<attrib name="value" value="2"/></item>
<item name="PSEN" rev="34">
<attrib name="value" value="2"/></item>
<item name="PSINCDEC" rev="34">
<attrib name="value" value="2"/></item>
<item name="RST" rev="34">
<attrib name="value" value="2"/></item>
<item name="STATUS2" rev="34">
<attrib name="value" value="1"/></item>
</group>
<group name="BUFGMUX_GCLK_BUFFER">
<item name="IN" rev="34">
<attrib name="value" value="3"/></item>
<item name="OUT" rev="34">
<attrib name="value" value="3"/></item>
</group>
<group name="IOBLR_TFF1">
<item name="CE" rev="34">
<attrib name="value" value="18"/></item>
<item name="CK" rev="34">
<attrib name="value" value="18"/></item>
<item name="D" rev="34">
<attrib name="value" value="18"/></item>
<item name="Q" rev="34">
<attrib name="value" value="18"/></item>
</group>
<group name="SLICEL_F5MUX">
<item name="F" rev="34">
<attrib name="value" value="84"/></item>
<item name="G" rev="34">
<attrib name="value" value="84"/></item>
<item name="OUT" rev="34">
<attrib name="value" value="84"/></item>
<item name="S0" rev="34">
<attrib name="value" value="84"/></item>
</group>
<group name="SLICEL_F">
<item name="A1" rev="34">
<attrib name="value" value="1149"/></item>
<item name="A2" rev="34">
<attrib name="value" value="983"/></item>
<item name="A3" rev="34">
<attrib name="value" value="827"/></item>
<item name="A4" rev="34">
<attrib name="value" value="672"/></item>
<item name="D" rev="34">
<attrib name="value" value="1161"/></item>
</group>
<group name="IOBLR_TFF2">
<item name="CE" rev="34">
<attrib name="value" value="18"/></item>
<item name="CK" rev="34">
<attrib name="value" value="18"/></item>
<item name="D" rev="34">
<attrib name="value" value="18"/></item>
<item name="Q" rev="34">
<attrib name="value" value="18"/></item>
</group>
<group name="SLICEL_G">
<item name="A1" rev="34">
<attrib name="value" value="1298"/></item>
<item name="A2" rev="34">
<attrib name="value" value="1141"/></item>
<item name="A3" rev="34">
<attrib name="value" value="865"/></item>
<item name="A4" rev="34">
<attrib name="value" value="671"/></item>
<item name="D" rev="34">
<attrib name="value" value="1304"/></item>
</group>
<group name="SLICEL_GNDF">
<item name="0" rev="34">
<attrib name="value" value="222"/></item>
</group>
<group name="SLICEL_GNDG">
<item name="0" rev="34">
<attrib name="value" value="209"/></item>
</group>
</ReportPinData>
<CmdHistory>
</CmdHistory>
</DeviceUsageSummary>
